local_filename,wix_media_id
logo.png,1a4889_3d8799636de0478baaceaa4c79ec962a~mv2.png
home-glossary.png,20b6ef_b1005e4c0ee549c3ab52a618405c4ae7~mv2.png
home-mart-1.png,20b6ef_662a3a9241ba4d0b8200a9a9e3cd4913~mv2.png
home-mart-2.png,20b6ef_38ab773c43eb415cb32cc24dc1f6fb29~mv2.png
book-cover.png,20b6ef_4a1e72e231cf48cfbbb297a41b2ba94f~mv2.png
donation-heideman.png,20b6ef_d2b15235e6d84ff4962496ba77d6eb53~mv2.png
donation-ladera.png,20b6ef_7a97faff966d40fb803bd59202e08f98~mv2.png
donation-benson.png,20b6ef_9924f753bafa4132aa1b2d5b28d1ee55~mv2.png
donation-bgc.png,1a4889_83f268bc42674b24992356aec046e2cd~mv2.png
donation-redhill.png,20b6ef_d92281eea912484faee09a840b647081~mv2.png
donation-orchard.png,20b6ef_0998c1b2494842f294f9e19c9086ffe3~mv2.png
donation-redhill-2.png,20b6ef_1e27112bc3ea4dc7a0bae39ca6e6ce7a~mv2.png
donation-hicks.png,20b6ef_274087ef68bd4e9e8944851620b4b35e~mv2.png
donation-nelson.png,1a4889_105481d5347d4fa7830c809fc81477c3~mv2.png
donation-arroyo.png,1a4889_b30dcb5ac5414251a0f686b1afe5ad99~mv2.png
donation-arroyo-2.png,1a4889_115b49ea1fd14fb392998af312af280b~mv2.png
donation-sycamore.png,1a4889_aacbb3d2d77a4b829a5b545eb5d4cac2~mv2.png
donation-benson-2.png,1a4889_a6cbd197981b40afab5e2e023a854274~mv2.png
donation-heritage.jpg,1a4889_d75274b123c444f0911f27e66be38502~mv2.jpg
donation-wesley.jpg,1a4889_c9584e5ca08647309b83ad04d0524725~mv2.jpg
donation-grace.png,1a4889_c65ba3ddeafe43f481517e424770f53f~mv2.png
donation-beckman.jpg,1a4889_0b073c76116e469c9d504db554bc1efa~mv2.jpg
cover-chinese.png,1a4889_bdd48136a99040d0b45697d68ee1a2bb~mv2.png
cover-korean.png,1a4889_b59cdef81b4a4ae7bd21cb3de3c9f02a~mv2.png
translator-raelyn.png,1a4889_78047a69ca064695b65389209ed4cf26~mv2.png
translator-john.png,1a4889_59bc69d12ca14a2da326b9b800f6a261~mv2.png
translator-martha.jpg,1a4889_1da95d0f69d6499ea19f36653720f8a1~mv2.jpg
review-1.png,1a4889_66d2acab332945c0b90549daff8d899c~mv2.png
review-2.png,1a4889_725417b02a804dd5949fca293589e075~mv2.png
